"Distance [mm]","Mag_B [mTesla]"
0,173.112444054216
0.11209836243481,173.81845312035
0.224196724869619,174.926857277882
0.336295087304429,176.4908229764
0.448393449739239,178.562077328596
0.560491812174048,181.190932994218
0.672590174608858,184.426310614688
0.784688537043668,188.315758800506
0.896786899478478,192.905471676443
1.00888526191329,196.017769492715
1.1209836243481,198.422682936996
1.23308198678291,201.565838391568
1.34518034921772,205.374799787589
1.45727871165253,209.779477693599
1.56937707408734,214.712334481039
1.68147543652215,220.108581729328
1.79357379895696,225.906369747885
1.90567216139177,231.548462854682
2.01777052382657,235.437077673954
2.12986888626138,239.645266228689
2.24196724869619,244.14654680581
2.354065611131,248.915798046477
2.46616397356581,253.929312166288
2.57826233600062,259.164844719853
2.69036069843543,264.60166087576
2.80245906087024,270.220578171792
2.91455742330505,275.659187253947
3.02665578573986,280.973205480939
3.13875414817467,286.21432420641
3.25085251060948,291.365053973871
3.36295087304429,296.409489564008
3.4750492354791,301.33333552478
3.58714759791391,306.123930272103
3.69924596034872,310.770268743269
3.81134432278353,314.856677624275
3.92344268521834,318.323746577497
4.03554104765315,321.882807316264
4.14763941008796,325.516400430897
4.25973777252277,329.20828552592
4.37183613495758,332.943432410783
4.48393449739239,336.708011060127
4.5960328598272,340.489380363235
4.70813122226201,344.276075683329
4.82022958469682,347.77979357497
4.93232794713163,351.246169952606
5.04442630956644,354.675778372548
5.15652467200125,358.06493053642
5.26862303443606,361.41024572984
5.38072139687087,364.708650283044
5.49281975930568,367.957376801844
5.60491812174049,371.153963172612
5.7170164841753,373.80865913944
5.82911484661011,376.11876805685
5.94121320904492,378.448556758055
6.05331157147972,380.79129197444
6.16540993391453,383.14060847167
6.27750829634934,385.49050641871
6.38960665878415,387.835348423688
6.50170502121896,390.169856242779
6.61380338365377,392.476762199599
6.72590174608858,394.705752104446
6.83800010852339,396.911710578484
6.9500984709582,399.093102986202
7.06219683339301,401.248509373254
7.17429519582782,403.376624496398
7.28639355826263,405.476257780186
7.39849192069744,407.546333201499
7.51059028313225,409.585889103018
7.62268864556706,411.144758919085
7.73478700800187,412.578312027431
7.84688537043668,414.020102845605
7.95898373287149,415.466801561456
8.0710820953063,416.915222249831
8.18318045774111,418.362322371656
8.29527882017592,419.805202151796
8.40737718261073,421.241103837583
8.51947554504554,422.655493591392
8.63157390748035,424.039441946478
8.74367226991516,425.41302377409
8.85577063234997,426.775497781673
8.96786899478477,428.126181257454
9.07996735721959,429.46445024008
9.1920657196544,430.789739653132
9.30416408208921,432.101543404839
9.41626244452401,433.399414453296
9.52836080695883,434.266013333104
9.64045916939364,435.128223605086
9.75255753182844,435.998896305292
9.86465589426325,436.876007872808
9.97675425669806,437.757606846887
10.0888526191329,438.641813973326
10.2009509815677,439.526822252424
10.3130493440025,440.410896929185
10.4251477064373,441.280859327861
10.5372460688721,442.139853181769
10.6493444313069,442.996798945699
10.7614427937417,443.851270547066
10.8735411561765,444.702879224775
10.9856395186114,445.551273710183
11.0977378810462,446.396140385962
11.209836243481,447.23720342294
11.3219346059158,448.01821554601
11.4340329683506,448.509977441553
11.5461313307854,449.013229784619
11.6582296932202,449.526507535096
11.770328055655,450.048389228057
11.8824264180898,450.577497283955
11.9945247805246,451.112498283945
12.1066231429594,451.652103210529
12.2187215053943,452.195067653722
12.3308198678291,452.730704204427
12.4429182302639,453.266681097442
12.5550165926987,453.806019033806
12.6671149551335,454.348443386142
12.7792133175683,454.893706865995
12.8913116800031,455.441589687346
13.0034100424379,455.991899713874
13.1155084048727,456.544472589922
13.2276067673075,456.994463066529
13.3397051297424,457.262382246946
13.4518034921772,457.543026745237
13.563901854612,457.835254333956
13.6760002170468,458.137953430456
13.7880985794816,458.450043438078
13.9001969419164,458.770475063217
14.0122953043512,459.098230608299
14.124393666786,459.432324240697
14.2364920292208,459.764236622717
14.3485903916556,460.102427759492
14.4606887540905,460.447124268631
14.5727871165253,460.7981271268
14.6848854789601,461.155259538841
14.7969838413949,461.518367085368
14.9090822038297,461.887317857003
15.0211805662645,462.262002575237
15.1332789286993,462.499345111528
15.2453772911341,462.630259342385
15.3574756535689,462.774685903545
15.4695740160037,462.931665620298
15.5816723784385,463.100263348701
15.6937707408734,463.279568316603
15.8058691033082,463.468694445975
15.917967465743,463.666780656525
16.0300658281778,463.872148188183
16.1421641906126,464.080916632471
16.2542625530474,464.298642920433
16.3663609154822,464.525158202652
16.478459277917,464.760312705214
16.5905576403518,465.003975872599
16.7026560027866,465.256036498942
16.8147543652215,465.516402847625
16.9268527276563,465.785002759157
17.0389510900911,465.882783394912
17.1510494525259,465.931527953424
17.2631478149607,465.994373877585
17.3752461773955,466.070467588318
17.4873445398303,466.158975984155
17.5994429022651,466.259086774988
17.7115412646999,466.370008800019
17.8236396271347,466.490972329868
17.9357379895695,466.619428613371
18.0478363520044,466.754107976468
18.1599347144392,466.898885974198
18.272033076874,467.053617186118
18.3841314393088,467.218173660767
18.4962298017436,467.392445050216
18.6083281641784,467.576338733904
18.7204265266132,467.769779931676
18.832524889048,467.972711806015
18.9446232514828,467.969372938789
19.0567216139177,467.965445136178
19.1688199763525,467.975871802936
19.2809183387873,467.999856611022
19.3930167012221,468.036621872565
19.5051150636569,468.085408867559
19.6172134260917,468.14547815729
19.7293117885265,468.216109883378
19.8414101509613,468.29549580834
19.9535085133961,468.384477740738
20.0656068758309,468.484249254317
20.1777052382657,468.594686839888
20.2898036007006,468.715683561035
20.4019019631354,468.847149180714
20.5140003255702,468.989010277669
20.626098688005,469.141210352607
20.7381970504398,469.275346577059
20.8502954128746,469.226209128137
20.9623937753094,469.192296973002
21.0744921377442,469.172837699434
21.186590500179,469.167076016557
21.2986888626138,469.174274089949
21.4107872250487,469.193711863532
21.5228855874835,469.224687368139
21.6349839499183,469.266517016682
21.7470823123531,469.316864021084
21.8591806747879,469.37776504226
21.9712790372227,469.449951607985
22.0833773996575,469.533309747689
22.1954757620923,469.627741477412
22.3075741245271,469.733164922246
22.4196724869619,469.849514428913
22.5317708493968,469.976740668421
22.6438692118316,470.04428083316
22.7559675742664,469.975578675373
22.8680659367012,469.922067900251
22.980164299136,469.882997011843
23.0922626615708,469.857631067461
23.2043610240056,469.845252009091
23.3164593864404,469.845158982061
23.4285577488752,469.856668640864
23.54065611131,469.879115442052
23.6527544737448,469.912013624589
23.7648528361797,469.956512342406
23.8769511986145,470.012551178921
23.9890495610493,470.080029573355
24.1011479234841,470.158862632582
24.2132462859189,470.248981247342
24.3253446483537,470.350332198778
24.4374430107885,470.462878255275
24.5495413732233,470.476348607936
24.6616397356581,470.399730799712
24.7737380980929,470.338390905706
24.8858364605278,470.291611795288
24.9979348229626,470.258692243908
25.1100331853974,470.238947253703
25.2221315478322,470.231708362005
25.334229910267,470.236323937627
25.4463282727018,470.251569259811
25.5584266351366,470.273735534471
25.6705249975714,470.308277344233
25.7826233600062,470.355085472765
25.894721722441,470.414065773456
26.0068200848759,470.485139290434
26.1189184473107,470.568242370173
26.2310168097455,470.663326763591
26.3431151721803,470.770359718611
26.4552135346151,470.747707329843
26.5673118970499,470.670053885858
26.6794102594847,470.594123063155
26.7915086219195,470.518918205278
26.9036069843543,470.443465258332
27.0157053467891,470.366813246993
27.1278037092239,470.288034733069
27.2399020716588,470.206226256412
27.3520004340936,470.148336290557
27.4640987965284,470.164181074223
27.5761971589632,470.197531321646
27.688295521398,470.248990642191
27.8003938838328,470.319190163328
27.9124922462676,470.408788606313
28.0245906087024,470.518472352234
28.1366889711372,470.648955498233
28.248787333572,470.800979903801
28.3608856960069,470.791612168828
28.4729840584417,470.765357720517
28.5850824208765,470.741884657131
28.6971807833113,470.72128587707
28.8092791457461,470.703676860446
28.9213775081809,470.689195691343
29.0334758706157,470.678003068674
29.1455742330505,470.670282305597
29.2576725954853,470.594095196642
29.3697709579201,470.470863418076
29.4818693203549,470.380754003447
29.5939676827898,470.322805591305
29.7060660452246,470.296052178214
29.8181644076594,470.299524316709
29.9302627700942,470.332250329941
30.042361132529,470.393257542231
30.1544594949638,470.476674958787
30.2665578573986,470.517633452341
30.3786562198334,470.547100162386
30.4907545822682,470.565618214579
30.6028529447031,470.573758281821
30.7149513071379,470.572118455163
30.8270496695727,470.561324098523
30.9391480320075,470.54202768725
31.0512463944423,470.51490863055
31.1633447568771,470.398301949968
31.2754431193119,470.272007024163
31.3875414817467,470.178624287531
31.4996398441815,470.117169748965
31.6117382066163,470.0866549352
31.7238365690511,470.086088134324
31.835934931486,470.11447565662
31.9480332939208,470.170823111942
32.0601316563556,470.238666365879
32.1722300187904,470.269198587917
32.2843283812252,470.28760260672
32.39642674366,470.294446110155
32.5085251060948,470.290325018595
32.6206234685296,470.275863349437
32.7327218309644,470.251713064991
32.8448201933992,470.218553903769
32.9569185558341,470.177093195172
33.0690169182689,470.025633318429
33.1811152807037,469.891743358008
33.2932136431385,469.790531171945
33.4053120055733,469.720995526628
33.5174103680081,469.68213107883
33.6295087304429,469.672929650039
33.7416070928777,469.692381518328
33.8537054553125,469.739476726937
33.9658038177473,469.785392661433
34.0779021801822,469.798228031533
34.190000542617,469.798501573027
34.3020989050518,469.78679972423
34.4141972674866,469.763737874857
34.5262956299214,469.729960228977
34.6383939923562,469.686139650871
34.750492354791,469.63297749381
34.8625907172258,469.561122334632
34.9746890796606,469.380652485907
35.0867874420954,469.233633476853
35.1988858045302,469.119077216757
35.3109841669651,469.035990732653
35.4230825293999,468.983377408667
35.5351808918347,468.960238242903
35.6472792542695,468.965573121068
35.7593776167043,468.998382106065
35.8714759791391,469.015358157595
35.9835743415739,469.004225994919
36.0956727040087,468.979560900635
36.2077710664435,468.941973277717
36.3198694288783,468.892104228156
36.4319677913132,468.8306254293
36.544066153748,468.75823899218
36.6561645161828,468.675677301816
36.7682628786176,468.554673099601
36.8803612410524,468.364326642859
36.9924596034872,468.192951599997
37.104557965922,468.038833875604
37.2166563283568,467.900258880448
37.3287546907916,467.775513872697
37.4408530532264,467.662890336612
37.5529514156613,467.560686397302
37.6650497780961,467.46720927013
37.7771481405309,467.411167271753
37.8892465029657,467.355418668462
38.0013448654005,467.29567928692
38.1134432278353,467.233267675267
38.2255415902701,467.16954703091
38.3376399527049,467.105924652062
38.4497383151397,467.043851353842
38.5618366775745,466.984820849125
38.6739350400093,466.853745432514
38.7860334024442,466.654354659443
38.898131764879,466.481151026548
39.0102301273138,466.333718606067
39.1223284897486,466.211651900098
39.2344268521834,466.114556083326
39.3465252146182,466.042047235608
39.458623577053,465.993752564297
39.5707219394878,465.953222059777
39.6828203019226,465.673298662279
39.7949186643574,465.40586906637
39.9070170267923,465.150143036868
40.0191153892271,464.905349400854
40.1312137516619,464.670736414151
40.2433121140967,464.445572114264
40.3554104765315,464.229144659672
40.4675088389663,464.020762655328
40.5796072014011,463.820870886361
40.6917055638359,463.630416992553
40.8038039262707,463.449091029534
40.9159022887055,463.276807661535
41.0280006511404,463.113502544885
41.1400990135752,462.959132490291
41.25219737601,462.81367561272
41.3642957384448,462.677131468793
41.4763941008796,462.481945687494
41.5884924633144,462.096321529096
41.7005908257492,461.720714964747
41.812689188184,461.354260014907
41.9247875506188,460.996113098785
42.0368859130536,460.645453432151
42.1489842754885,460.301483409842
42.2610826379233,459.963428972858
42.3731810003581,459.630539959918
42.4852793627929,459.310967862592
42.5973777252277,458.999421650785
42.7094760876625,458.69443073217
42.8215744500973,458.395940761091
42.9336728125321,458.103923032992
43.0457711749669,457.818374683601
43.1578695374017,457.539318873609
43.2699678998365,457.266804958713
43.3820662622714,456.866848085827
43.4941646247062,456.307108258093
43.606262987141,455.753928268748
43.7183613495758,455.206361469559
43.8304597120106,454.663488354938
43.9425580744454,454.12441700564
44.0546564368802,453.588283515262
44.166754799315,453.054252399453
44.2788531617498,452.522037778781
44.3909515241846,452.003902846683
44.5030498866195,451.489233024471
44.6151482490543,450.97798233651
44.7272466114891,450.470137737877
44.8393449739239,449.965719404704
44.9514433363587,449.464781006564
45.0635416987935,448.967409960721
45.1756400612283,448.473727668073
45.2877384236631,447.754129831611
45.3998367860979,446.906771843219
45.5119351485327,446.060290918968
45.6240335109676,445.213598032795
45.7361318734024,444.365640058671
45.8482302358372,443.515400312746
45.960328598272,442.66189907552
46.0724269607068,441.804194093913
46.1845253231416,440.946528622204
46.2966236855764,440.102425012978
46.4087220480112,439.256673395441
46.520820410446,438.409310233107
46.6329187728808,437.56041936329
46.7450171353156,436.710132470278
46.8571154977505,435.858629533807
46.9692138601853,435.006139252423
47.0813122226201,434.152939441357
47.1934105850549,432.920263317807
47.3055089474897,431.604675971607
47.4176073099245,430.280923762168
47.5297056723593,428.94770014827
47.6418040347941,427.603751292611
47.7539023972289,426.247876849633
47.8660007596637,424.878930730568
47.9780991220986,423.495821845397
48.0901974845334,422.11308439333
48.2022958469682,420.740156529249
48.314394209403,419.358329869764
48.4264925718378,417.967846564787
48.5385909342726,416.569026996761
48.6506892967074,415.162270755596
48.7627876591422,413.748057572733
48.874886021577,412.326948213154
48.9869843840118,410.884013099705
49.0990827464467,408.825864920449
49.2111811088815,406.746489481348
49.3232794713163,404.644173063411
49.4353778337511,402.517291883878
49.5474761961859,400.364313724305
49.6595745586207,398.18379953659
49.7716729210555,395.974405025997
49.8837712834903,393.734882210333
49.9958696459251,391.519150168629
50.1079680083599,389.315705643896
50.2200663707947,387.094163419001
50.3321647332296,384.855396043643
50.4442630956644,382.600438385927
50.5563614580992,380.330490317281
50.668459820534,378.046919294152
50.7805581829688,375.751262832022
50.8926565454036,373.246645416475
51.0047549078384,370.001427499601
51.1168532702732,366.710787574053
51.228951632708,363.372614156166
51.3410499951428,359.985008765078
51.4531483575777,356.546291280414
51.5652467200125,353.055005272115
51.6773450824473,349.509923297406
51.7894434448821,345.910052159825
51.9015418073169,342.514659403791
52.0136401697517,339.146170401376
52.1257385321865,335.750736614773
52.2378368946213,332.331727903178
52.3499352570561,328.893029657994
52.4620336194909,325.439052555914
52.5741319819258,321.974741769285
52.6862303443606,318.505585612198
52.7983287067954,314.457987216092
52.9104270692302,309.528001772718
53.022525431665,304.517145481738
53.1346237940998,299.4237403643
53.2467221565346,294.247061805311
53.3588205189694,288.987364125146
53.4709188814042,283.645905560131
53.583017243839,278.2249726166
53.6951156062739,272.737052057246
53.8072139687087,268.277933803575
53.9193123311435,263.80011597177
54.0314106935783,259.320315981636
54.1435090560131,254.858260221696
54.2556074184479,250.436695950223
54.3677057808827,246.081398342434
54.4798041433175,241.821172626701
54.5919025057523,237.687851256951
54.7040008681871,232.59131311964
54.816099230622,226.819047054797
54.9281975930568,221.090328413954
55.0402959554916,215.429033686031
55.1523943179264,209.866934412828
55.2644926803612,204.443595334345
55.376591042796,199.206260850566
55.4886894052308,194.209729848327
55.6007877676656,189.501408514859
55.7128861301004,185.067328203158
55.8249844925352,181.026317777058
55.93708285497,177.471873360005
56.0491812174049,174.499531642995
56.1612795798397,172.206407850088
56.2733779422745,170.690735395423
56.3854763047093,170.051407585922
56.4975746671441,170.387521721849
56.6096730295789,170.193539535234
56.7217713920137,170.527659225882
56.8338697544485,171.797560590349
56.9459681168833,174.014616298679
57.0580664793181,177.177060939617
57.170164841753,181.270411023869
57.2822632041878,186.267903102071
57.3943615666226,192.130949465907
57.5064599290574,196.378757007095
57.6185582914922,197.6890069701
57.730656653927,199.766775712608
57.8427550163618,202.584562732204
57.9548533787966,206.111079868853
58.0669517412314,210.311362766359
58.1790501036662,215.146884795242
58.291148466101,220.57567333968
58.4032468285359,226.552428349767
58.5153451909707,230.443313283625
58.6274435534055,234.860593404524
58.7395419158403,239.767974181832
58.8516402782751,245.111074843986
58.9637386407099,250.839827827964
59.0758370031447,256.908512920823
59.1879353655795,263.275785964359
59.3000337280143,269.904702121612
59.4121320904491,275.889106243227
59.524230452884,281.10073005917
59.6363288153188,286.069322898805
59.7484271777536,290.813947792743
59.8605255401884,295.354460096984
59.9726239026232,299.711421449377
60.084722265058,303.906015966892
60.1968206274928,307.959968700301
60.3089189899276,311.790345976467
60.4210173523624,315.224815530105
60.5331157147972,318.827287344423
60.6452140772321,322.573692062274
60.7573124396669,326.441201880771
60.8694108021017,330.408328030613
60.9815091645365,334.455018979643
61.0936075269713,338.562759291169
61.2057058894061,342.714669066487
61.3178042518409,346.738407796172
61.4299026142757,350.565916546142
61.5420009767105,354.221111734035
61.6540993391453,357.705959570242
61.7661977015801,361.022788943705
61.878296064015,364.174285605947
61.9903944264498,367.163486255807
62.1024927888846,369.993772531441
62.2145911513194,372.450358812812
62.3266895137542,374.575354353556
62.438787876189,376.802387543064
62.5508862386238,379.122571343472
62.6629846010586,381.527376106687
62.7750829634934,384.008652509078
62.8871813259282,386.558654501837
62.9992796883631,389.170062260056
63.1113780507979,391.836005113504
63.2234764132327,394.322642430429
63.3355747756675,396.6988659006
63.4476731381023,398.970117918683
63.5597715005371,401.138047325395
63.6718698629719,403.204456610058
63.7839682254067,405.171300626697
63.8960665878415,407.040685250898
64.0081649502763,408.814865978736
64.1202633127112,410.284797878869
64.232361675146,411.62681479497
64.3444600375808,413.028935782725
64.4565584000156,414.486689876792
64.5686567624504,415.995726580285
64.6807551248852,417.551825518701
64.79285348732,419.150906125177
64.9049518497548,420.789037350211
65.0170502121896,422.442307066165
65.1291485746244,423.970352889168
65.2412469370592,425.431921577616
65.3533452994941,426.828151718027
65.4654436619289,428.160269620461
65.5775420243637,429.42958886849
65.6896403867985,430.637509828689
65.8017387492333,431.785519119925
65.9138371116681,432.875189042816
66.0259354741029,433.707623990676
66.1380338365377,434.513793609093
66.2501321989725,435.365053181556
66.3622305614073,436.258680957726
66.4743289238422,437.192000131073
66.586427286277,438.162383900732
66.6985256487118,439.167260563819
66.8106240111466,440.204118634708
66.9227223735814,441.235782392529
67.0348207360162,442.184761637109
67.146919098451,443.089879144128
67.2590174608858,443.952042027673
67.3711158233206,444.772216654466
67.4832141857554,445.551428378641
67.5953125481903,446.290761246247
67.7074109106251,446.991357669575
67.8195092730599,447.654418071461
67.9316076354947,448.091895918697
68.0437059979295,448.560255543213
68.1558043603643,449.06752511644
68.2679027227991,449.611807383184
68.3800010852339,450.19122225005
68.4920994476687,450.803909906545
68.6041978101035,451.448033972457
68.7162961725384,452.121784669445
68.8283945349731,452.775382528606
68.940492897408,453.37238207541
69.0525912598428,453.939037156849
69.1646896222776,454.476110810977
69.2767879847124,454.984411151683
69.3888863471472,455.464791170158
69.500984709582,455.918148512057
69.6130830720168,456.345425230426
69.7251814344516,456.718496581888
69.8372797968864,456.940001729231
69.9493781593213,457.198929096143
70.0614765217561,457.493777545132
70.1735748841909,457.823049969521
70.2856732466257,458.185255533391
70.3977716090605,458.578911936368
70.5098699714953,459.002547701791
70.6219683339301,459.454704486754
70.7340666963649,459.874255119419
70.8461650587997,460.256688196386
70.9582634212345,460.616448136743
71.0703617836694,460.954222270058
71.1824601461042,461.270735551186
71.294558508539,461.566750385453
71.4066568709738,461.84306643285
71.5187552334086,462.100520391264
71.6308535958434,462.283799766551
71.7429519582782,462.37896726116
71.855050320713,462.509599437507
71.9671486831478,462.67441985875
72.0792470455826,462.872151742413
72.1913454080175,463.101519753921
72.3034437704523,463.361251822284
72.4155421328871,463.650080976749
72.5276404953219,463.966747203262
72.6397388577567,464.237996615524
72.7518372201915,464.487625769118
72.8639355826263,464.719419745623
72.9760339450611,464.934019410998
73.0881323074959,465.132098916789
73.2002306699307,465.314365537429
73.3123290323656,465.481559488573
73.4244273948004,465.63445372651
73.5365257572352,465.695602306852
73.64862411967,465.713639387883
73.7607224821048,465.766027699536
73.8728208445396,465.851613412419
73.9849192069744,465.969240339073
74.0970175694092,466.117751497278
74.209115931844,466.295990693894
74.3212142942788,466.502804128243
74.4333126567137,466.729793894163
74.5454110191485,466.912605257795
74.6575093815833,467.079809962877
74.7696077440181,467.231992961084
74.8817061064529,467.369770098536
74.9938044688877,467.493787974425
75.1059028313225,467.604723781858
75.2180011937573,467.703285130943
75.3300995561921,467.790209854142
75.4421979186269,467.770247791326
75.5542962810617,467.743423205725
75.6663946434966,467.750136375755
75.7784930059314,467.789313485322
75.8905913683662,467.859877355162
76.002689730801,467.960748856569
76.1147880932358,468.090848344339
76.2268864556706,468.249097108036
76.3389848181054,468.416214631618
76.4510831805402,468.54566295761
76.563181542975,468.661634695241
76.6752799054098,468.764696839469
76.7873782678446,468.85544554982
76.8994766302795,468.934506012294
77.0115749927143,469.002532284373
77.1236733551491,469.060207123129
77.2357717175839,469.108241796492
77.3478700800187,469.033217145731
77.4599684424535,468.981409660579
77.5720668048883,468.962783075038
77.6841651673231,468.976311225622
77.7962635297579,469.020963973703
77.9083618921927,469.095708540696
78.0204602546276,469.199510862034
78.1325586170624,469.33133695911
78.2446569794972,469.459359703511
78.356755341932,469.555555599874
78.4688537043668,469.639240686309
78.5809520668016,469.710977858148
78.6930504292364,469.771358394631
78.8051487916712,469.821001819773
78.917247154106,469.860555746677
79.0293455165408,469.890695705331
79.1414438789757,469.896045030307
79.2535422414105,469.796334597851
79.3656406038453,469.73025729261
79.4777389662801,469.696825981182
79.5898373287149,469.695048318363
79.7019356911497,469.723927996086
79.8140340535845,469.782466010663
79.9261324160193,469.869661947525
80.0382307784541,469.984515282664
80.1503291408889,470.083656553187
80.2624275033238,470.159155197342
80.3745258657585,470.222955650262
80.4866242281934,470.275618801246
80.5987225906282,470.317733535375
80.710820953063,470.349916598814
80.8229193154978,470.37281244778
80.9350176779326,470.387093081234
81.0471160403674,470.360173170561
81.1592144028022,470.271005461836
81.271312765237,470.202154984516
81.3834111276718,470.152055255526
81.4955094901067,470.119137380147
81.6076078525415,470.101832122472
81.7197062149763,470.098572009846
81.8318045774111,470.107793470119
81.9439029398459,470.127939000398
82.0560013022807,470.183191388124
82.1680996647155,470.240124877143
82.2801980271503,470.296730506963
82.3922963895851,470.35416246177
82.5043947520199,470.413610533886
82.6164931144548,470.476299626247
82.7285914768896,470.54348922707
82.8406898393244,470.616472856884
82.9527882017592,470.615845430919
83.064886564194,470.558469812232
83.1769849266288,470.528310589913
83.2890832890636,470.524996923344
83.4011816514984,470.548165789593
83.5132800139332,470.597462206218
83.625378376368,470.672539446135
83.7374767388029,470.773059244445
83.8495751012377,470.87634556251
83.9616734636725,470.793243138116
84.0737718261073,470.712460094876
84.1858701885421,470.632995788061
84.2979685509769,470.553871231313
84.4100669134117,470.474129587438
84.5221652758465,470.392836642442
84.6342636382813,470.309081262549
84.7463620007161,470.221975834033
84.858460363151,470.193482131171
84.9705587255858,470.207048756146
85.0826570880206,470.239419902632
85.1947554504554,470.291218444735
85.3068538128902,470.363094429627
85.418952175325,470.455725143994
85.5310505377598,470.569815171014
85.6431489001946,470.706096437759
85.7552472626294,470.807915440111
85.8673456250642,470.781631527975
85.9794439874991,470.757604317068
86.0915423499339,470.735910712704
86.2036407123687,470.716650655051
86.3157390748035,470.69994715607
86.4278374372383,470.685946324968
86.5399357996731,470.674817382117
86.6520341621079,470.66675266138
86.7641325245427,470.552726264628
86.8762308869775,470.445002823452
86.9883292494123,470.356419207092
87.1004276118471,470.285410852217
87.212525974282,470.230411942896
87.3246243367168,470.189857481124
87.4367226991516,470.162185390295
87.5488210615864,470.145838650392
87.6609194240212,470.154140276175
87.773017786456,470.179170015885
87.8851161488908,470.203479132891
87.9972145113256,470.228208831491
88.1093128737604,470.254536557733
88.2214112361952,470.283675517079
88.33350959863,470.316874163776
88.4456079610649,470.355415662074
88.5577063234997,470.38686930409
88.6698046859345,470.286829843326
88.7819030483693,470.214050526479
88.8940014108041,470.168159929488
89.0060997732389,470.14879450489
89.1181981356737,470.155598806491
89.2302964981085,470.188225706064
89.3423948605433,470.246336601891
89.4544932229781,470.32960161911
89.566591585413,470.282413464984
89.6786899478478,470.167988292215
89.7907883102826,470.054634704434
89.9028866727174,469.941347204148
90.0149850351522,469.827142572764
90.127083397587,469.711060366468
90.2391817600218,469.592163395017
90.3512801224566,469.469538183206
90.4633784848914,469.367186394807
90.5754768473262,469.339107443616
90.6875752097611,469.329115416693
90.7996735721959,469.337844903421
90.9117719346307,469.365959217436
91.0238702970655,469.414150492346
91.1359686595003,469.483139767795
91.2480670219351,469.573677065686
91.3601653843699,469.686541456428
91.4722637468047,469.639316541212
91.5843621092395,469.568612704949
91.6964604716743,469.4995502167
91.8085588341091,469.43222783446
91.9206571965439,469.366768355067
92.0327555589788,469.303318653666
92.1448539214136,469.242049711238
92.2569522838484,469.18315663014
92.3690506462832,469.054379201596
92.481149008718,468.869656872127
92.5932473711528,468.717936913778
92.7053457335876,468.598207574096
92.8174440960224,468.509452114137
92.9295424584572,468.450650094918
93.0416408208921,468.420778683419
93.1537391833269,468.418813977299
93.2658375457617,468.439233598045
93.3779359081965,468.405810134546
93.4900342706313,468.365861220865
93.6021326330661,468.31987109796
93.7142309955009,468.268347162114
93.8263293579357,468.211819812477
93.9384277203705,468.150842284519
94.0505260828053,468.085990469475
94.1626244452402,468.017862719807
94.274722807675,467.807817819171
94.3868211701098,467.554638753546
94.4989195325446,467.334250999754
94.6110178949794,467.146000179642
94.7231162574142,466.989251850586
94.835214619849,466.863391586895
94.9473129822838,466.767825054922
95.0594113447186,466.701978081846
95.1715097071534,466.663280187299
95.2836080695883,466.619995912798
95.3957064320231,466.561901287195
95.5078047944579,466.489431631044
95.6199031568927,466.403050103534
95.7320015193275,466.303247568039
95.8440998817623,466.19054244169
95.9561982441971,466.065480529005
96.0682966066319,465.928634839604
96.1803949690667,465.608960342339
96.2924933315015,465.291078367569
96.4045916939364,465.006107925606
96.5166900563712,464.753367293325
96.628788418806,464.532196583358
96.7408867812408,464.341957813615
96.8529851436756,464.182034970598
96.9650835061104,464.051834066476
97.0771818685452,463.944077761575
97.18928023098,463.823027019237
97.3013785934148,463.684327426442
97.4134769558496,463.52847189316
97.5255753182845,463.355984665521
97.6376736807193,463.167421204282
97.7497720431541,462.963368045288
97.8618704055889,462.744442641961
97.9739687680237,462.499321787715
98.0860671304585,462.040267717347
98.1981654928933,461.615106520717
98.3102638553281,461.22309401124
98.4223622177629,460.863510349446
98.5344605801977,460.535660112349
98.6465589426325,460.238872357099
98.7586573050674,459.972500678879
98.8707556675022,459.735923262972
98.982854029937,459.512423286211
99.0949523923718,459.266606814569
99.2070507548066,458.998654438403
99.3191491172414,458.70915150689
99.4312474796762,458.398720881259
99.543345842111,458.068022850316
99.6554442045458,457.717755024466
99.7675425669806,457.348652208184
99.8796409294154,456.896765844862
99.9917392918503,456.259272720386
100.103837654285,455.656371633686
100.21593601672,455.087241597247
100.328034379155,454.551090640416
100.440132741589,454.047155864929
100.552231104024,453.574703496029
100.664329466459,453.133028929092
100.776427828894,452.721456771718
100.888526191329,452.305457846453
101.000624553764,451.857523146224
101.112722916198,451.380015863404
101.224821278633,450.873692993531
101.336919641068,450.339360753567
101.449018003503,449.777874591334
101.561116365938,449.190139166674
101.673214728372,448.577108304173
101.785313090807,447.803851251965
101.897411453242,446.875003743837
102.009509815677,445.98190103747
102.121608178112,445.123615970499
102.233706540546,444.29925824809
102.345804902981,443.507974490066
102.457903265416,442.748948276918
102.570001627851,442.021400194553
102.682099990286,441.323627525535
102.794198352721,440.590547279182
102.906296715155,439.814917890006
103.01839507759,438.997744218417
103.130493440025,438.14010425906
103.24259180246,437.243149469185
103.354690164895,436.30810505533
103.466788527329,435.336270217693
103.578886889764,434.329018351654
103.690985252199,433.041077405074
103.803083614634,431.634169169712
103.915181977069,430.265429903446
104.027280339503,428.933763993561
104.139378701938,427.638127667765
104.251477064373,426.377529062119
104.363575426808,425.151028297194
104.475673789243,423.957737562058
104.587772151677,422.783587026085
104.699870514112,421.538011301219
104.811968876547,420.230562272647
104.924067238982,418.862896561341
105.036165601417,417.436801139812
105.148263963852,415.954194563311
105.260362326286,414.417128125182
105.372460688721,412.827786934606
105.484559051156,411.188490914992
105.596657413591,409.064694556344
105.708755776026,406.884587415882
105.82085413846,404.748571074271
105.932952500895,402.655285609014
106.04505086333,400.603454794009
106.157149225765,398.591886373333
106.2692475882,396.619472370537
106.381345950634,394.685189432221
106.493444313069,392.741124871815
106.605542675504,390.676564727697
106.717641037939,388.521109977514
106.829739400374,386.278120027255
106.941837762808,383.951261240271
107.053936125243,381.544511471941
107.166034487678,379.062164410812
107.278132850113,376.508833720113
107.390231212548,373.875533039601
107.502329574983,370.428674482079
107.614427937417,367.042696173523
107.726526299852,363.715317108452
107.838624662287,360.444431860511
107.950723024722,357.228111374626
108.062821387157,354.064603897252
108.174919749591,350.952336040125
108.287018112026,347.889913972716
108.399116474461,344.749931923649
108.511214836896,341.435610877769
108.623313199331,337.999556088691
108.735411561765,334.451170525504
108.8475099242,330.800965339909
108.959608286635,327.06057819212
109.07170664907,323.242790718595
109.183805011505,319.361545116604
109.295903373939,315.184890730821
109.408001736374,310.123460032416
109.520100098809,305.153913618561
109.632198461244,300.267937877892
109.744296823679,295.457880611431
109.856395186114,290.716745781895
109.968493548548,286.038188817927
110.080591910983,281.416512458051
110.192690273418,276.846663118412
110.304788635853,271.974993316285
110.416886998288,266.956641577759
110.528985360722,261.894923288866
110.641083723157,256.829022716828
110.753182085592,251.804187445016
110.865280448027,246.871749385051
110.977378810462,242.08913910436
111.089477172896,237.519893413548
111.201575535331,232.82185235037
111.313673897766,227.717370179075
111.425772260201,222.736073520255
111.537870622636,217.847357015207
111.64996898507,213.0266121082
111.762067347505,208.255073912896
111.87416570994,203.519663632573
111.986264072375,198.812826625961
112.09836243481,194.132366213732
